{"initial_reset_timestamp": 1625771549.9606662, "timestamps": [1625771570.346369], "episode_lengths": [1000], "episode_rewards": [-228.1157861107949], "episode_types": ["t"]}